Name,OpenVPN,Firewall-IP
Company Name,example.ovpn,10.0.0.2
Company Name,example.ovpn,177.82.100.200
Company Name,example.ovpn,----
Company Name,example.ovpn,----
Company Name,example.ovpn,----
Company Name,example.ovpn,----
Company Name,example.ovpn,----
Company Name,example.ovpn,----
Company Name,example.ovpn,192.168.53.130
Company Name,example.ovpn,----
Company Name,example.ovpn,----
Company Name,example.ovpn,----
Company Name,example.ovpn,----
Company Name,example.ovpn,----
Company Name,example.ovpn,----
Company Name,example.ovpn,----
Company Name,example.ovpn,----
Company Name,example.ovpn,----
Company Name,example.ovpn,----
Company Name,example.ovpn,----
Company Name,example.ovpn,----
Company Name,example.ovpn,----
Company Name,example.ovpn,----
Company Name,example.ovpn,----
Company Name,example.ovpn,----
Company Name,example.ovpn,----
Company Name,example.ovpn,----
Company Name,example.ovpn,----
Company Name,example.ovpn,----
Company Name,example.ovpn,----
Company Name,example.ovpn,----
Company Name,example.ovpn,----
Company Name,example.ovpn,----
Company Name,example.ovpn,----
Company Name,example.ovpn,----
Company Name,example.ovpn,----
Company Name,example.ovpn,----
Company Name,example.ovpn,----
Company Name,example.ovpn,----
Company Name,example.ovpn,----
Company Name,example.ovpn,----
Company Name,example.ovpn,----
Company Name,example.ovpn,----
Company Name,example.ovpn,----
Company Name,example.ovpn,----
Company Name,example.ovpn,----
Company Name,example.ovpn,----
Company Name,example.ovpn,----
Company Name,example.ovpn,----
Company Name,example.ovpn,----
Company Name,example.ovpn,----
Company Name,example.ovpn,----
Company Name,example.ovpn,----
Company Name,example.ovpn,----
Company Name,example.ovpn,----
Company Name,example.ovpn,----
Company Name,example.ovpn,----
Company Name,example.ovpn,----
Company Name,example.ovpn,----
Company Name,example.ovpn,----
Company Name,example.ovpn,----
Company Name,example.ovpn,----
Company Name,example.ovpn,----
Company Name,example.ovpn,----
Company Name,example.ovpn,----
Company Name,example.ovpn,----
Company Name,example.ovpn,----
Company Name,example.ovpn,----
Company Name,example.ovpn,----
Company Name,example.ovpn,----
Company Name,example.ovpn,----
Company Name,example.ovpn,----
